关于拟录取硕士研究生寄送档案及确认定向培养单位的通知,http://yz.njfu.edu.cn//sszs/20230425/i271830.html,2023-04-25
关于我校2023年研招网调剂系统开放时间的通告（持续更新）,https://yz.njfu.edu.cn//tzgg/20230404/i270325.html,2023-04-04
南京林业大学2023年硕士研究生招生复试分数线,https://bsmanager.njfu.edu.cn/bcms/main/preview.do?siteId=104&channelId=5508&infoId=269420,2023-03-23
 南京林业大学2023年硕士研究生复试须知,https://yz.njfu.edu.cn//tzgg/20230321/i269225.html,2023-03-22
2023年南京林业大学硕士研究生招生复试和录取工作实施办法,https://yz.njfu.edu.cn//tzgg/20230321/i269223.html,2023-03-21
2022年研究生招生工作会顺利召开,http://yz.njfu.edu.cn//sszs/20220617/i252553.html,2022-06-17
南京林业大学2022年接收推荐免试攻读研究生（含直博生）章程,http://yz.njfu.edu.cn//sszs/20210914/i229760.html,2021-09-14
2021年研究生招生工作总结及经验交流会顺利召开,http://yz.njfu.edu.cn//sszs/20210607/i223090.html,2021-06-07
南京林业大学2021年硕士推免生拟录取人数信息统计,http://yz.njfu.edu.cn//sszs/20210510/i209466.html,2021-05-10
南京林业大学2021年接收优秀应届本科毕业生推荐免试攻读研究生实施办法,http://yz.njfu.edu.cn//sszs/20210510/i209467.html,2021-05-10
南京林业大学关于做好2021年推荐免试攻读硕士学位研究生工作的通知,http://yz.njfu.edu.cn//sszs/20210511/i209477.html,2021-05-11
2020年南京林业大学硕士研究生招生考试一志愿考生复试名单,http://yz.njfu.edu.cn//sszs/20210511/i209479.html,2021-05-11
南京林业大学2020年全国硕士研究生招生考试初试成绩发布通知,http://yz.njfu.edu.cn//sszs/20210511/i209482.html,2021-05-11
2020年硕士推免生拟录取名单公示（已结束）,http://yz.njfu.edu.cn//sszs/20210511/i209483.html,2021-05-11
南京林业大学2020年硕士推免生拟录取人数信息统计,http://yz.njfu.edu.cn//sszs/20210511/i209484.html,2021-05-11
南京林业大学2015年硕士研究生初试成绩2月12日起可查询,http://yz.njfu.edu.cn//sszs/20210420/i208483.html,2021-04-20
南京林业大学2016年硕士研究生入学考试初试成绩申请复查的通知,http://yz.njfu.edu.cn//sszs/20210420/i208482.html,2021-04-20
2017硕士研究生入学考试初试成绩查询,http://yz.njfu.edu.cn//sszs/20210420/i208481.html,2021-04-20
南京林业大学2018年硕士研究生入学考试初试成绩查询及申请成绩复查的通知,http://yz.njfu.edu.cn//sszs/20210420/i208480.html,2021-04-20
南京林业大学2018年硕士研究生入学考试初试成绩复查结果的通知,http://yz.njfu.edu.cn//sszs/20210420/i208479.html,2021-04-20
南京林业大学2020年全国硕士研究生招生考试初试成绩发布通知,http://yz.njfu.edu.cn//sszs/20210420/i208478.html,2021-04-20
关于2009年我校硕士研究生招生公费自费的说明,http://yz.njfu.edu.cn//sszs/20210420/i208477.html,2021-04-20
关于2016年硕士研究生复试、调剂等考生所关心问题的简要说明,http://yz.njfu.edu.cn//sszs/20210420/i208476.html,2021-04-20
2015年拟录取硕士研究生调档函有关事项的通知,http://yz.njfu.edu.cn//sszs/20210420/i208475.html,2021-04-20
2015年硕士研究生录取通知书发放的通知,http://yz.njfu.edu.cn//sszs/20210420/i208474.html,2021-04-20
2015年硕士研究生入学报到注意事项,http://yz.njfu.edu.cn//sszs/20210420/i208473.html,2021-04-20
南京林业大学2016年硕士研究生调档函下载系统,http://yz.njfu.edu.cn//sszs/20210420/i208472.html,2021-04-20
2016年硕士研究生入学报到注意事项,http://yz.njfu.edu.cn//sszs/20210420/i208471.html,2021-04-20
2017年硕士研究生录取通知书邮寄地址考生维护,http://yz.njfu.edu.cn//sszs/20210420/i208470.html,2021-04-20
2017年硕士研究生录取通知书寄送单号查询,http://yz.njfu.edu.cn//sszs/20210420/i208469.html,2021-04-20
2017级硕士研究生入学报到注意事项,http://yz.njfu.edu.cn//sszs/20210420/i208468.html,2021-04-20
2018年全国统一入学考试南京林业大学硕士研究生招生拟录取名单公示,http://yz.njfu.edu.cn//sszs/20210420/i208467.html,2021-04-20
2018年硕士研究生录取通知书邮寄地址信息维护,http://yz.njfu.edu.cn//sszs/20210420/i208466.html,2021-04-20
2018级硕士研究生入学报到注意事项,http://yz.njfu.edu.cn//sszs/20210420/i208465.html,2021-04-20
2018级硕士研究生《录取通知书》发放的通知,http://yz.njfu.edu.cn//sszs/20210420/i208464.html,2021-04-20
2019级硕士研究生《录取通知书》发放的通知,http://yz.njfu.edu.cn//sszs/20210420/i208463.html,2021-04-20
2017年硕士生申请调剂意向登记,http://yz.njfu.edu.cn//sszs/20210420/i208462.html,2021-04-20
2018年南京林业大学硕士研究生招生预调剂申请,http://yz.njfu.edu.cn//sszs/20210420/i208461.html,2021-04-20
南京林业大学2015年硕士研究生招生复试、录取工作公告,http://yz.njfu.edu.cn//sszs/20210420/i208460.html,2021-04-20
2015年南京林业大学研究生选考复试科目系统,http://yz.njfu.edu.cn//sszs/20210420/i208459.html,2021-04-20
2015年硕士研究生复试安排表,http://yz.njfu.edu.cn//sszs/20210420/i208458.html,2021-04-20
关于南京林业大学2016年硕士研究生招生复试、体检等工作安排的通知,http://yz.njfu.edu.cn//sszs/20210420/i208457.html,2021-04-20
南京林业大学2016年硕士研究生招生复试分数线（一志愿）,http://yz.njfu.edu.cn//sszs/20210420/i208456.html,2021-04-20
2016年硕士研究生复试安排表,http://yz.njfu.edu.cn//sszs/20210420/i208455.html,2021-04-20
2016年南京林业大学硕士研究生招生复试工作办法,http://yz.njfu.edu.cn//sszs/20210420/i208454.html,2021-04-20
2017年南京林业大学硕士研究生招生复试分数线（第一志愿）,http://yz.njfu.edu.cn//sszs/20210420/i208453.html,2021-04-20
2017年南京林业大学硕士研究生招生复试、体检等工作安排的通知,http://yz.njfu.edu.cn//sszs/20210420/i208452.html,2021-04-20
2017年硕士研究生招生心理测试（所有考生须登录测试）,http://yz.njfu.edu.cn//sszs/20210420/i208451.html,2021-04-20
2017年硕士研究生复试安排表,http://yz.njfu.edu.cn//sszs/20210420/i208450.html,2021-04-20
2017年南京林业大学硕士研究生招生复试工作办法,http://yz.njfu.edu.cn//sszs/20210420/i208449.html,2021-04-20
2018年南京林业大学硕士研究生招生复试工作办法,http://yz.njfu.edu.cn//sszs/20210420/i208448.html,2021-04-20
2018年南京林业大学硕士研究生招生复试分数线（第一志愿）,http://yz.njfu.edu.cn//sszs/20210420/i208447.html,2021-04-20
2018年南京林业大学硕士研究生招生复试、体检等工作安排的通知,http://yz.njfu.edu.cn//sszs/20210420/i208446.html,2021-04-20
2018年南京林业大学硕士研究生招生复试名单查询（一志愿考生）,http://yz.njfu.edu.cn//sszs/20210420/i208445.html,2021-04-20
2018年硕士研究生复试安排表,http://yz.njfu.edu.cn//sszs/20210420/i208444.html,2021-04-20
2020年南京林业大学硕士研究生招生考试一志愿考生复试名单,http://yz.njfu.edu.cn//sszs/20210420/i208443.html,2021-04-20
2019年全国硕士研究生招生考试公告,https://yz.chsi.com.cn/kyzx/jybzc/201808/20180821/1715735913.html,2021-04-20
关于做好推荐2015年优秀应届本科毕业生免试攻读硕士学位研究生工作的通知,http://yz.njfu.edu.cn//sszs/20210420/i208441.html,2021-04-20
南京林业大学2015年推荐优秀应届本科毕业生免试攻读硕士学位研究生工作办法,http://yz.njfu.edu.cn//sszs/20210420/i208440.html,2021-04-20
南京林业大学2015年接收推荐免试研究生工作办法,http://yz.njfu.edu.cn//sszs/20210420/i208439.html,2021-04-20
南京林业大学2016年推荐免试研究生预报名通知,http://yz.njfu.edu.cn//sszs/20210420/i208438.html,2021-04-20
关于做好推荐2016年优秀应届本科毕业生免试攻读硕士学位研究生工作的通知,http://yz.njfu.edu.cn//sszs/20210420/i208437.html,2021-04-20
2017年南京林业大学推荐优秀应届本科毕业生免试攻读硕士学位研究生工作办法,http://yz.njfu.edu.cn//sszs/20210420/i208436.html,2021-04-20
南京林业大学关于做好2017年推荐、接收免试攻读硕士学位研究生工作安排的通知,http://yz.njfu.edu.cn//sszs/20210420/i208435.html,2021-04-20
2017年南京林业大学接收推免生章程,http://yz.njfu.edu.cn//sszs/20210420/i208434.html,2021-04-20
南京林业大学关于做好2018年推荐、接收免试攻读硕士学位研究生工作安排的通知,http://yz.njfu.edu.cn//sszs/20210420/i208433.html,2021-04-20
南京林业大学2018年推荐优秀应届本科毕业生免试攻读硕士学位研究生工作办法,http://yz.njfu.edu.cn//sszs/20210420/i208432.html,2021-04-20
南京林业大学2018年接收推免生章程,http://yz.njfu.edu.cn//sszs/20210420/i208431.html,2021-04-20
南京林业大学关于做好2019年推荐、接收免试攻读硕士学位研究生工作安排的通知,http://gsnfu.njfu.edu.cn/typenews.asp?id=21835,2021-04-20
南京林业大学2019年接收推免生章程,http://yz.njfu.edu.cn//sszs/20210420/i208429.html,2021-04-20
2019年获得推荐优秀应届本科毕业生免试攻读研究生资格名单公示,http://yz.njfu.edu.cn//sszs/20210420/i208428.html,2021-04-20
南京林业大学2019年推免生拟录取名单公示,http://yz.njfu.edu.cn//sszs/20210420/i208427.html,2021-04-20
南京林业大学关于做好2020年推荐、接收免试攻读硕士学位研究生工作安排的通知,http://yz.njfu.edu.cn//sszs/20210420/i208426.html,2021-04-20
南京林业大学2020年接收推免生章程,http://yz.njfu.edu.cn//sszs/20210420/i208425.html,2021-04-20
南京林业大学2020年硕士推免生拟录取人数信息统计,http://yz.njfu.edu.cn//sszs/20210420/i208424.html,2021-04-20
2020年硕士推免生拟录取名单公示（已结束）,http://yz.njfu.edu.cn//sszs/20210420/i208423.html,2021-04-20
南京林业大学关于做好2021年推荐免试攻读硕士学位研究生工作的通知,http://yz.njfu.edu.cn//sszs/20210420/i208422.html,2021-04-20
南京林业大学2021年接收优秀应届本科毕业生推荐免试攻读研究生实施办法,http://yz.njfu.edu.cn//sszs/20210420/i208421.html,2021-04-20
南京林业大学2021年硕士推免生拟录取人数信息统计,http://yz.njfu.edu.cn//sszs/20210420/i208420.html,2021-04-20
