南京大学2023年全国优秀大学生夏令营通知信息汇总（持续更新）,https://yzb.nju.edu.cn/,/8c/dc/c47863a625884/page.htm,2023-05-24
关于南京大学2023年拟录取硕士研究生思想政治品德考核、调档函下载及签订定向合同等事宜的通知,https://yzb.nju.edu.cn/,/69/c1/c47863a616897/page.htm,2023-05-08
关于南京大学2023级研究生党团组织关系转接和户口迁移的说明,https://yzb.nju.edu.cn/,/68/20/c47863a616480/page.htm,2023-05-06
南京大学2023年硕士研究生复试录取工作办法,https://yzb.nju.edu.cn/,/45/a5/c47863a607653/page.htm,2023-03-14
南京大学2023年硕士研究生复试基本分数线及相关说明,https://yzb.nju.edu.cn/,/45/a4/c47863a607652/page.htm,2023-03-14
南京大学关于查询2023年硕士研究生入学考试初试成绩总分排名的通知,https://yzb.nju.edu.cn/,/40/0f/c47863a606223/page.htm,2023-03-03
南京大学关于2023年硕士研究生入学考试初试成绩查询等事项的通知,https://yzb.nju.edu.cn/,/38/19/c47863a604185/page.htm,2023-02-19
【重要】2023年全国硕士研究生入学考试南京大学考点（3201）考试公告（二）,https://yzb.nju.edu.cn/,/2a/e9/c47863a600809/page.htm,2022-12-23
2023年全国硕士研究生入学考试南京大学考点（3201）考试公告（一）,https://yzb.nju.edu.cn/,/2a/e2/c47863a600802/page.htm,2022-12-23
2023年全国硕士研究生招生入学考试南京大学报考点（3201）网上信息确认公告,https://yzb.nju.edu.cn/,/0e/aa/c47863a593578/page.htm,2022-10-27
南京大学关于核对2023年硕士研究生招生考试网报信息的提醒（截止至10月23日）,https://yzb.nju.edu.cn/,/0d/c9/c47863a593353/page.htm,2022-10-25
南京大学 2023 年硕士推免生拟录取人数信息统计,https://yzb.nju.edu.cn/,/08/f1/c47863a592113/page.htm,2022-10-21
南京大学 2023 年接收推荐免试研究生拟录取名单公示,https://yzb.nju.edu.cn/,/08/ef/c47863a592111/page.htm,2022-10-21
南京大学2023年硕士研究生学制与培养费用,https://yzb.nju.edu.cn/,/fd/7e/c47863a589182/page.htm,2022-10-05
